{
  "width": 814,
  "height": 229,
  "cx": [
    [ "PLATEFORME", 96 ],
    [ "PERSONNEL", 257 ],
    [ "CAMPAGNE", 371 ],
    [ "ECHANTILLON", 499 ],
    [ "MAINTENANCE", 649 ],
    [ "BUDGET", 774 ],
    [ "UTILISE", 96 ],
    [ "IMPLIQUE", 257 ],
    [ "PRODUIT", 371 ],
    [ "PARTICIPE", 499 ],
    [ "CONCERNE", 649 ],
    [ "VALIDE", 774 ]
  ],
  "cy": [
    [ "PLATEFORME", 77 ],
    [ "PERSONNEL", 77 ],
    [ "CAMPAGNE", 77 ],
    [ "ECHANTILLON", 77 ],
    [ "MAINTENANCE", 77 ],
    [ "BUDGET", 77 ],
    [ "UTILISE", 195 ],
    [ "IMPLIQUE", 195 ],
    [ "PRODUIT", 195 ],
    [ "PARTICIPE", 195 ],
    [ "CONCERNE", 195 ],
    [ "VALIDE", 195 ]
  ],
  "shift": [
    [ "UTILISE,PLATEFORME,0", 0 ],
    [ "UTILISE,CAMPAGNE,0", 0 ],
    [ "IMPLIQUE,CAMPAGNE,0", 0 ],
    [ "IMPLIQUE,PERSONNEL,0", 0 ],
    [ "PRODUIT,CAMPAGNE,0", 0 ],
    [ "PRODUIT,ECHANTILLON,0", 0 ],
    [ "PARTICIPE,ECHANTILLON,0", 0 ],
    [ "PARTICIPE,PERSONNEL,0", 0 ],
    [ "CONCERNE,PLATEFORME,0", 0 ],
    [ "CONCERNE,MAINTENANCE,0", 0 ],
    [ "VALIDE,BUDGET,0", 0 ],
    [ "VALIDE,CAMPAGNE,0", 0 ]
  ],
  "ratio": []
}
